s,v_los,theta,s_error,v_los_error
98.30654212930828,-75.10129605008106,0.019309123328907447,0.1,20
102.39857399773513,98.97840039734898,0.008224058623499298,0.1,20
101.79518065559574,26.429325835999947,0.017700500323789295,0.1,20
101.07265343951704,-124.86537563815088,0.0019836628823077023,0.1,20
99.27406447022463,67.570717617918,0.007721118401613123,0.1,20
100.3517828002106,-138.21504165497487,0.0067670889468271515,0.1,20
99.128050085957,-82.4202688472821,0.024135915588107917,0.1,20
99.55482279140126,-13.451946296030815,0.02677448823157972,0.1,20
98.73420449713453,55.96929165485985,0.014653301662459846,0.1,20
97.8634608929675,-188.9045676110536,0.010167869964431017,0.1,20
99.21927142552586,-83.78477419275234,0.017642063961309636,0.1,20
99.63678119865148,-35.25369080249281,0.01608663010631604,0.1,20
97.90848933405545,-154.44486450384838,0.013843680134614159,0.1,20
99.93941043504579,-38.40386676562581,0.009683512631917168,0.1,20
101.13567081342512,25.78274941357744,0.01778114770507372,0.1,20
98.97025158464992,-79.49382395782683,0.026398377185691144,0.1,20
100.54204439063363,-17.283025496673744,0.006818469734679267,0.1,20
100.41619269897676,-65.96661701672468,0.008270303077297272,0.1,20
98.50751449275764,-56.570035139892155,0.02452257076700162,0.1,20
101.45672184358055,125.84132389670312,0.018365179654326314,0.1,20
97.98463040387979,-182.79026122147854,0.01961839501192314,0.1,20
100.60569579280555,-13.696152015324458,0.015409127397262013,0.1,20
99.35497591349653,-23.615400645819893,0.00854224795860502,0.1,20
101.41372319435007,51.63821017440938,0.010517325893575366,0.1,20
99.8570853415777,110.61048742880844,0.01569878008839808,0.1,20
101.55714740729671,127.83993320977692,0.021026213002049224,0.1,20
100.98819556920427,-5.513091808187831,0.020166518772064396,0.1,20
97.95766939027351,-37.20538625700091,0.014649981272129057,0.1,20
100.4721163609449,5.6543711820155025,0.021584984376466873,0.1,20
101.46890385699196,4.313179711415426,0.010337167074424117,0.1,20
100.40233364443695,-40.12968132860042,0.01281544837180466,0.1,20
101.63024995169029,147.96474802418203,0.005816977824846292,0.1,20
99.51574811877886,-5.442447166490492,0.024355981164245023,0.1,20
101.114538724629,-31.52509273456584,0.013857514173918952,0.1,20
102.14082790549095,48.59047686266011,0.0038277281385570303,0.1,20
99.02517111526134,32.2688378969665,0.01365052540892036,0.1,20
99.51762631724304,27.622273873487366,0.007774063563840995,0.1,20
99.33387862014072,-26.056357068468415,0.010417266321783393,0.1,20
100.58456836698554,54.16964700213943,0.012548894785889081,0.1,20
98.54422630960127,-97.90275661663546,0.02050186801741923,0.1,20
98.52456600448033,-135.71348853092903,0.019384976756516924,0.1,20
99.72218019745607,6.295268971095137,0.02792697143898726,0.1,20
100.68793195588806,75.34096645925288,0.011019471602497574,0.1,20
99.68061743210755,0.7771225830964354,0.010230219922130333,0.1,20
99.75296957405928,-75.2828269261607,0.011718620073231418,0.1,20
101.80300627388476,182.6607887177652,0.01631059389003741,0.1,20
101.55620065512713,99.0280321521438,0.02220873379910748,0.1,20
100.45258598954143,33.95123437667557,0.01764945160967125,0.1,20
99.60208455040421,-76.1946613810879,0.014897793712437204,0.1,20
99.0384122429181,-181.16606551832666,0.020067391623790887,0.1,20
101.04702739596347,123.19499365255191,0.021734368300899365,0.1,20
98.85387043491113,100.0311209110947,0.0005091474051847954,0.1,20
99.90377369198688,37.94157514279809,0.01875850954315365,0.1,20
98.59336978924176,25.96795785843986,0.011352173234977059,0.1,20
98.26736919346197,-126.09782655110612,0.0022379758601848688,0.1,20
100.1638832400027,70.09704217338597,0.013736456617836547,0.1,20
101.1816687289574,27.14808857880807,0.021561692377154013,0.1,20
100.11593954495879,52.59339878984137,0.015609732749527257,0.1,20
100.83422147659768,46.103593252005,0.012562175532545747,0.1,20
100.03687059680074,69.73836026072507,0.011383611972441414,0.1,20
101.06348697739828,5.819295969969225,0.009452148596990544,0.1,20
100.14049864056996,-25.59784045510158,0.02491894491785169,0.1,20
98.42374967096384,-96.23912297221386,0.007761224165078494,0.1,20
98.27793863257388,-41.728811141535814,0.010832609960934948,0.1,20
101.02983240994101,-50.00289448411901,0.012291630253590766,0.1,20
102.0276593521215,149.87530223873182,0.0081441168365925,0.1,20
101.58721338885854,24.04422221851822,0.00984985212863103,0.1,20
101.32776588808922,15.438721263672129,0.010393622259883318,0.1,20
98.60313725438237,-42.98727856558288,0.017243119971251244,0.1,20
101.93453100022333,114.58477920219248,0.01027103647973998,0.1,20
101.9662745223507,111.83984647055937,0.008113921534768401,0.1,20
98.73957599807413,-96.97908267875972,0.021968859558441887,0.1,20
98.74467658700688,94.02321201132108,0.007185057933929748,0.1,20
101.84390014892713,139.1317764764449,0.015442146879249226,0.1,20
98.75402397156827,-100.45383074113929,0.01593854702340199,0.1,20
98.91355682337993,40.32883259739455,0.0055597221378984405,0.1,20
99.60327770815454,13.652900518434155,0.025095400813391525,0.1,20
97.88879057571921,-149.66282036052903,0.003608641734204768,0.1,20
101.28512911423343,64.78318167171548,0.013361409791012954,0.1,20
101.30947208991402,156.5271048663078,0.012662384257686305,0.1,20
100.09305748039543,59.00770654702359,0.011621045517887969,0.1,20
100.81830521389796,154.78161088705116,0.01907680512725858,0.1,20
101.16586680672702,67.66491930971284,0.01656278527778334,0.1,20
100.09132427904144,-37.70185823998041,0.015853005889577138,0.1,20
98.73977169072184,-86.70052356763688,0.01973215386238308,0.1,20
98.87786639930208,-139.90310669093793,0.023820712654533123,0.1,20
101.77014558310337,112.19758407490689,0.008053630258136971,0.1,20
99.76279522207149,-21.71231457950696,0.02814529246618404,0.1,20
98.70140270773229,67.86730613318109,0.0037543983772335226,0.1,20
99.01022901484941,13.553682745033186,0.0073686041301567595,0.1,20
100.17129157346618,-12.386537349425048,0.0189166650482857,0.1,20
100.00015454414361,-54.13548805523596,0.012037468180975381,0.1,20
99.7094821362251,-74.28615272667072,0.022997859762415165,0.1,20
100.23724611701172,76.86792479762916,0.011826041145231838,0.1,20
99.96163064377521,127.4521398941479,0.017669109440351438,0.1,20
98.37779639888666,-91.55455318279448,0.020065243159946473,0.1,20
100.78722273241831,71.1660608739018,0.013190480118524852,0.1,20
99.27532984845108,-75.15715715946327,0.01972550248913818,0.1,20
99.9465431156954,4.066775720969308,0.02638369920159271,0.1,20
99.35813589723855,-33.40722492113208,0.024292080463549342,0.1,20
99.11462456222574,-95.81125863530295,0.023317801920123508,0.1,20
101.60444410575549,130.93719647903023,0.018856407292874376,0.1,20
101.85073280374387,89.41516456911062,0.012509571242038511,0.1,20
99.90130323472846,65.29538814129592,0.010768362971034288,0.1,20
98.68858009765127,-98.26280455113158,0.017057440026226493,0.1,20
99.93275288515254,-56.71037975995677,0.013919287308553484,0.1,20
100.21980070489772,2.579726214568881,0.023534860031799897,0.1,20
98.394030895834,9.337598464856931,0.00638132219900772,0.1,20
100.47667635610581,21.48707740878805,0.017528484090501964,0.1,20
98.7705240502392,-150.5207149211701,0.017928911417970875,0.1,20
99.61236391686548,108.52079670427003,0.014589566533221052,0.1,20
101.4309090387465,36.66906137624688,0.017016792302822048,0.1,20
100.96523670918374,77.37153391506813,0.012961236366781313,0.1,20
101.9598609382278,83.12797134856498,0.013522018134701589,0.1,20
102.06108067321203,172.36893488924008,0.015989191818556937,0.1,20
99.58363292902295,-62.55304710473439,0.011514213878669789,0.1,20
98.98316710978492,-76.39365464975147,0.02115218261990405,0.1,20
99.75168708400598,16.099628578445213,0.025830957147197377,0.1,20
100.57119565372828,27.002979922637913,0.014259420681976139,0.1,20
100.67540834387745,108.74978237938248,0.010836551598202935,0.1,20
100.77566574144629,-117.66818962028347,0.004850173248036531,0.1,20
101.66766933329569,114.35814349628737,0.006937124952093004,0.1,20
100.70906766588783,14.961556219721093,0.020487038635881277,0.1,20
100.80140631293087,-8.295252871001406,0.013554546013761324,0.1,20
100.93554127245129,54.10077334573531,0.01096237683261872,0.1,20
97.80568687070993,-87.52936065946486,0.018564985315755022,0.1,20
101.42027539797482,88.46797117788665,0.010572019386492925,0.1,20
98.46646498919158,-53.4330554119032,0.001657538991387303,0.1,20
100.80997091749518,62.06045678802671,0.02716881359184198,0.1,20
99.7828484320148,-20.6591100464477,0.02515750407700885,0.1,20
101.4780840872979,25.968614615587732,0.015164137107638037,0.1,20
99.96328864344514,-25.119931875104946,0.026795576136039147,0.1,20
100.36617410505629,91.13841538469025,0.014771917621604536,0.1,20
99.11964616965358,-47.87464807202199,0.02185331105606056,0.1,20
98.78811852719616,64.64563553787194,0.011856271791046003,0.1,20
99.21275050914608,-0.03377542725394633,0.014808223790004188,0.1,20
101.90670118696562,-8.332618993504653,0.011049426500978055,0.1,20
101.31188104522467,-51.85886673843334,0.012238499050542074,0.1,20
101.6247003457057,129.62875760248036,0.016298805590407122,0.1,20
100.85006924969395,19.33581611301465,0.01159249587615229,0.1,20
101.97239271960241,-30.801748705989375,0.001412103795652416,0.1,20
99.39133204219054,-24.42931281110431,0.023754440596502127,0.1,20
99.1829945760623,-78.61584084492334,0.01494343560277579,0.1,20
99.52150719216878,25.98208623770211,0.01890498379827673,0.1,20
101.29553011098895,102.48459971014076,0.015163348504739216,0.1,20
99.50345779197515,11.345457218648637,0.013556243256052907,0.1,20
99.38702228860951,-119.96613274613749,0.027347872929462457,0.1,20
97.53655233215436,-190.14686538081784,0.010283352632416903,0.1,20
101.61319614422484,156.64790076327876,0.016148915771326516,0.1,20
101.75223155331679,112.97428765387839,0.007731078331825264,0.1,20
98.97377152528661,-56.908666086943896,0.01083112519432644,0.1,20
100.82142651676875,46.43717560401653,0.017894304326163454,0.1,20
99.40200208866179,10.581741150975775,0.010223587632682468,0.1,20
100.88485420065479,122.2388346098514,0.010103479880218822,0.1,20
101.69308833267412,181.5314466488997,0.009792647341222808,0.1,20
101.0221708678114,32.091989252847,0.017041955845326275,0.1,20
99.93075263883429,36.249160370001036,0.01978265946575056,0.1,20
98.83946902065978,-81.0456599180988,0.01603068240746331,0.1,20
99.60832752914905,-42.894981740825756,0.008555716819087796,0.1,20
99.55141773447694,35.584081383997656,0.011502189136466678,0.1,20
98.6281029813507,-64.2898349272833,0.024331204055761183,0.1,20
98.2395654115077,-2.4956454858388213,0.007259776949341745,0.1,20
101.86650081736875,108.04658865196248,0.00781177047006263,0.1,20
98.8787109296895,-77.04885384798678,0.01618880046734388,0.1,20
101.07383350391345,-35.97165597120081,0.021877091015001526,0.1,20
98.42817066947812,-59.31053363309985,0.007708443499386785,0.1,20
99.07441569655148,74.78790444830507,0.012359555724890768,0.1,20
101.5711756413338,75.77636910223903,0.014255578162400341,0.1,20
100.24708746171783,-42.53136803467298,0.012091357089952069,0.1,20
98.57828236967596,-60.60674402118947,0.022909788643350987,0.1,20
99.7198540547279,-7.399377835960111,0.027503601897253902,0.1,20
99.49045824665139,-55.699140155978085,0.022637374997099956,0.1,20
98.96868958877462,-40.19327817267216,0.017079414329516273,0.1,20
98.10444913731844,-119.26715269837283,0.013901873243565281,0.1,20
101.62852373427437,107.37010247637107,0.009846604078414159,0.1,20
102.13177373590459,146.75812041706666,0.016134348924332853,0.1,20
102.1944789424485,90.1880939952326,0.006334590109707698,0.1,20
99.64101156462891,-26.373670999340497,0.0212890112411343,0.1,20
99.3270207738225,43.51689457526584,0.007045561216298834,0.1,20
101.83414339930401,227.45462406470693,0.01794553628389831,0.1,20
100.92249955326832,42.05783346274531,0.02182593757989049,0.1,20
99.29589338045784,4.122455944412669,0.013555776180780896,0.1,20
98.24798250336153,-53.55605411157265,0.016775437114394397,0.1,20
100.33817093421793,75.80764787814384,0.016576405608577583,0.1,20
101.34718438516337,127.08706300048375,0.016102355460838835,0.1,20
100.8267744109478,-96.00470048306079,0.008187873725464104,0.1,20
100.1072935858371,-10.509969043564075,0.021258920240401807,0.1,20
101.24906409559576,-18.996086359820183,0.017158871831401933,0.1,20
100.52515445749702,-2.0800545015111647,0.011513810358280004,0.1,20
100.379680204599,-26.224567321980942,0.01770417468008663,0.1,20
101.2038101913955,57.663725033731716,0.0209052342512904,0.1,20
100.69929445948914,-81.47142810992116,0.007165758164193321,0.1,20
97.77203748160488,-193.76837121164388,0.010506993178160945,0.1,20
99.20372730070024,-37.26623968421423,0.0238455821628499,0.1,20
97.69877157006776,-185.12659294665437,0.015358232759389252,0.1,20
99.3969590869719,-63.5140454994886,0.025399589464425366,0.1,20
101.07257380854051,39.40781183064741,0.009962162232162433,0.1,20
97.71865129604764,-139.51053016526996,0.01569203262307524,0.1,20
98.9210730670216,-23.72668410411403,0.0188852345891137,0.1,20
99.12758457413153,9.279494446243422,0.013612658977841599,0.1,20
100.98078507677222,-63.131687789673435,0.005318248464842653,0.1,20
100.16857607622173,64.59822887218714,0.024236463915267143,0.1,20
99.75456867600589,-122.68576357454566,0.01672349154344721,0.1,20
100.0054426996836,-58.79248677559228,0.025038932191832623,0.1,20
100.16145659957377,65.32858668358315,0.022680424329695352,0.1,20
102.33387721691024,201.64852605510708,0.009856541409113106,0.1,20
98.0703633222914,-143.70376394797555,0.005245417307126873,0.1,20
99.40196711855339,144.9264619152558,0.0018660666311520484,0.1,20
100.91381953932873,11.761938890891315,0.017072623363848825,0.1,20
100.72074957141587,-40.12544892569198,0.0189632023070376,0.1,20
100.12607819474333,69.30318921433336,0.023620701296144207,0.1,20
100.88405122131338,-14.02949157817838,0.006159486992639023,0.1,20
100.00807340904446,-39.6866277804971,0.014999673014486755,0.1,20
101.57171216620647,43.57292213893329,0.010582702011827037,0.1,20
100.75192050285787,51.78931590241951,0.02329072317974187,0.1,20
100.63208151984611,-47.37798636576933,0.006679583148120678,0.1,20
100.98731515673663,-19.390899770804495,0.023584254460481763,0.1,20
97.52122442402431,-164.90605117112304,0.010467208581089996,0.1,20
99.80046893489276,-68.9641076854812,0.01368090957509283,0.1,20
100.9996330584657,66.7068353778135,0.017225080309538912,0.1,20
100.96772933059354,76.61349370769922,0.018629066049851907,0.1,20
97.59962177361737,-173.75383584669268,0.013499919891176264,0.1,20
102.34091623539197,208.40765977110675,0.015267555613953591,0.1,20
99.75021268984226,16.745145748223102,0.011627799190295865,0.1,20
101.0001595838944,-43.40017814119473,0.015951281797966194,0.1,20
102.19526188640147,146.85163045910113,0.016115092731203172,0.1,20
98.22440242380125,12.622727228015592,0.019929681841677392,0.1,20
98.41515179752565,-104.77136305476233,0.013575307513234275,0.1,20
99.67006431028909,-46.01296762292131,0.024986860105562288,0.1,20
100.1328143720866,26.856335718906237,0.017510638829611295,0.1,20
98.29719487744913,-23.2958531898244,0.022901749070931676,0.1,20
101.74046680525466,-39.528176823889666,0.006705084182009613,0.1,20
100.58920256000886,-79.46836316698486,0.006189220388799962,0.1,20
101.28911596006874,89.74466914317244,0.014247767249786738,0.1,20
99.14491202522633,19.521675719636228,0.017942740110215974,0.1,20
101.86597230497914,49.386181804320984,0.004407640797552521,0.1,20
100.46099828911969,10.453112318842443,0.007557961272203991,0.1,20
98.8878617372429,-67.67799872093055,0.02332276414425605,0.1,20
100.80189380229315,60.26162325879426,0.01782460104422358,0.1,20
98.39681651259183,-22.262611049007667,0.0137489123441117,0.1,20
98.93738994748482,32.145839821772604,0.019332866556598147,0.1,20
99.86554589773151,45.05100188822045,0.027897316564513826,0.1,20
101.02001646072496,-10.485182700278447,0.010701444236603875,0.1,20
100.01913346609558,47.57552871919907,0.013988916195566546,0.1,20
101.02584166665692,-8.93705214465048,0.013504045464149388,0.1,20
99.35706135313785,-95.72350311443651,0.02378476170784852,0.1,20
98.99821293814554,-47.52635981702535,0.016499975958284372,0.1,20
97.91031563835901,-100.29774913818483,0.020478050993123977,0.1,20
99.07960507246145,-73.46054688736676,0.012700385926378427,0.1,20
100.57784883020885,-14.100601842002785,0.013425958074668325,0.1,20
100.55002167024071,-9.570215670034965,0.025547765910308256,0.1,20
98.6526377164032,6.771997697494761,0.008061146066927219,0.1,20
102.25783585155843,122.83496346942952,0.01477038600049289,0.1,20
99.63042100102544,77.55216269822338,0.007333563140922978,0.1,20
100.61546139114937,-53.94446271866688,0.0062721786334836655,0.1,20
100.4528992316257,7.044451361985612,0.026866242255986154,0.1,20
100.8758254401486,-65.81071134876409,0.026206619497630524,0.1,20
99.00540637143197,-50.05239658391791,0.0057559936530774385,0.1,20
100.14521677648209,-55.00502853593632,0.023238861453892565,0.1,20
98.82989708907253,-39.87951824885663,0.024066073306481174,0.1,20
101.40299828477623,69.45202573738382,0.017615015392104028,0.1,20
99.70090328303117,-62.62116183293366,0.02393549855150041,0.1,20
98.83550149712251,-55.58868926887709,0.013406354052640906,0.1,20
98.32034136393632,-95.67622214839122,0.008816344677441338,0.1,20
99.93377013626552,-27.334365886058848,0.026536315300205934,0.1,20
98.58118033045126,-39.57567817446125,0.010428392889864255,0.1,20
100.53348793403721,-11.106464823722995,0.012007980324504527,0.1,20
100.46659019742077,-89.59571281353303,0.016526242558823394,0.1,20
99.03269246657304,66.94778878318968,0.026166966856980577,0.1,20
99.47733586240716,33.40846217738762,0.00878142014724051,0.1,20
98.8346096930034,-98.63101199764003,0.020324459055286723,0.1,20
100.61585635817697,-10.10237324423635,0.015311275294968316,0.1,20
98.20400240816765,-129.5377188715905,0.01123932398408017,0.1,20
100.76439221753014,-7.86901456695815,0.01593800403261817,0.1,20
100.96263404762897,-14.111250583870987,0.006202714716924193,0.1,20
99.7411166800848,46.25324087044762,0.012459500667447485,0.1,20
101.040186353194,37.27637975616928,0.01860584242021194,0.1,20
99.79348941795074,74.41460486216558,0.011579095695333112,0.1,20
101.39451998470055,95.50174432287949,0.023411588438713587,0.1,20
99.65421581321739,2.47059316685732,0.019610697224632052,0.1,20
101.74653842292004,126.36935413321305,0.014817446639692047,0.1,20
99.2089201672285,-40.48668975797211,0.017961522513358936,0.1,20
100.36383642985069,69.02706207758195,0.01869104208442036,0.1,20
100.14709384463134,38.707311568954,0.01831612797526404,0.1,20
99.65674627089423,-3.6120544943955903,0.01241565140188955,0.1,20
99.37057482432938,89.6117734583796,0.014404760847770521,0.1,20
99.9390208191191,32.28204685111485,0.022862219884502863,0.1,20
98.39384799169544,-37.996912262188985,0.009429908994154756,0.1,20
100.8936263010214,-54.40865059877244,0.003846696931273648,0.1,20
101.03102160948848,94.3279966362876,0.018955778456378122,0.1,20
99.02234922007354,-12.141343674295438,0.018828682923746082,0.1,20
98.2739119528583,-78.877484798045,0.016348533871212514,0.1,20
102.09414948399551,138.34592802818466,0.011844150729458994,0.1,20
99.18926000610973,-33.15522597664331,0.0037445258672749344,0.1,20
100.32628999446581,58.02723601889892,0.015665123497076466,0.1,20
100.37278974678358,-49.2520724653211,0.008333419967952886,0.1,20
98.97542418888943,-62.063357149591866,0.015344740189176706,0.1,20
100.20726631777309,-38.34969797544473,0.010322118156844149,0.1,20
101.10072170705728,21.807534536068346,0.019452465100910605,0.1,20
97.69293144212456,-99.85143578706625,0.015991047526354947,0.1,20
100.56220744499436,-15.809717590132955,0.01624532382666946,0.1,20
97.70297638180902,-125.31240210704374,0.0040490660148674315,0.1,20
101.03057037341858,-153.10319556088925,0.00812198703206404,0.1,20
100.51135450583587,48.63702435850551,0.016335526836632905,0.1,20
100.15300659355582,114.97366230818052,0.01966932630285683,0.1,20
98.25867722502045,-41.947211474728135,0.016243913147732235,0.1,20
100.90024314965063,11.962150648187766,0.025281428881767827,0.1,20
99.95701942383333,-10.460675480414716,0.013745702684840462,0.1,20
98.99121125174744,120.53903264728842,0.00864386321573216,0.1,20
100.9272937161258,-74.68551579971182,0.024421087758374822,0.1,20
100.83300683644202,-36.816975837443664,0.013509483883254386,0.1,20
99.4289094091988,-36.416222552491426,0.01846520514378665,0.1,20
100.67888319497781,62.016886477204295,0.02605005728642521,0.1,20
98.44386096784726,-117.55782749987277,0.02318580543280356,0.1,20
100.1470521848306,16.72786819395628,0.02449430426949012,0.1,20
100.6387564749299,10.517821992582611,0.006955415156839079,0.1,20
100.53534809738218,-54.276375058164525,0.009021235834896958,0.1,20
98.52749496880762,-101.23542412840547,0.015648280284941928,0.1,20
99.50106111102045,-29.284849577323907,0.014819879291677662,0.1,20
98.66005643890279,107.70222945856924,0.01144555868261767,0.1,20
99.61829352175025,14.791361285979805,0.016633755982920113,0.1,20
97.63300625429062,-192.9700736389527,0.0071181347908426,0.1,20
100.97034093672232,-21.09861410332966,0.015892675155310607,0.1,20
101.04883956176035,-2.655560076502379,0.010522428769655263,0.1,20
98.81122323777394,-95.3236328354559,0.02350725774140131,0.1,20
98.08498926772894,-56.48674173662798,0.010054511599496307,0.1,20
99.87871470383307,39.63423144926028,0.02155954291512371,0.1,20
98.88010733533008,-75.63752004237027,0.00762280298249841,0.1,20
100.75488250619014,35.51850381145884,0.02224548674622376,0.1,20
97.92980376278332,-102.77444063747963,0.011935549119077685,0.1,20
98.77577226576517,-150.4921377616265,0.0074939283396796555,0.1,20
98.90107782922637,14.303020588654299,0.01620020431752098,0.1,20
101.33506021291223,75.88463787311849,0.010410475292358185,0.1,20
100.74320216768918,195.89120578040476,0.02374153605555348,0.1,20
98.85776290142732,-153.907263898243,0.016823019028245463,0.1,20
100.43302461662965,84.78369733518882,0.015414345156232216,0.1,20
99.9330451714444,28.210560223134795,0.010651687983740568,0.1,20
98.96747621402525,-36.83487396615267,0.013334100627789697,0.1,20
100.35060266271567,94.82444785918007,0.015793377001781076,0.1,20
98.6903863398046,-56.67748240693804,0.020520429322703794,0.1,20
99.9338701735974,59.61417231051579,0.026085864780067084,0.1,20
100.71283794143902,4.552278896374595,0.020976794369881,0.1,20
98.61990661647631,-127.78472426503174,0.021682841979021292,0.1,20
99.71259134054064,-123.36914250186474,0.024190887901102315,0.1,20
100.57521882939382,81.28478519701227,0.01888787286527007,0.1,20
100.95127236292949,43.38969035081276,0.016344856907649186,0.1,20
99.41787963625065,0.10340875702847185,0.017977765890021192,0.1,20
98.54747762511411,-64.429878422734,0.014393990232221918,0.1,20
100.32140016881527,-18.397735109089105,0.018373980162890317,0.1,20
99.68911625329514,-70.37757195827648,0.007650904878058918,0.1,20
100.97651555094889,11.500054335351507,0.022977726665645216,0.1,20
98.44988576286391,-99.85458654422669,0.02259255073606879,0.1,20
99.76974214611121,-57.00868170555916,0.023822731935156976,0.1,20
98.60213262562749,-105.90340700890147,0.02384651573855959,0.1,20
101.20638565025303,-57.62019628457688,0.006080332902461061,0.1,20
98.64715247635672,1.66818480765859,0.003408376848841306,0.1,20
98.62794721346064,-67.64594287766128,0.013821943994191876,0.1,20
100.77952000240371,35.07056740294422,0.012983952001652144,0.1,20
99.22922369049913,-149.18894983199695,0.015274763199429508,0.1,20
102.47566181902347,195.2216536281538,0.009283375387830096,0.1,20
100.18696234408452,-21.06501646289383,0.01519392752863603,0.1,20
97.94101638354248,-7.037146723574011,0.013720956222299392,0.1,20
100.71152643746103,127.9648003262412,0.02085884061736349,0.1,20
97.84938844540186,-163.406850338686,0.007773844189628664,0.1,20
100.25702452687281,26.001782947461543,0.008371095708317056,0.1,20
99.29354234890677,-8.14205126259466,0.014755072027594233,0.1,20
100.08033277352379,139.56410696685253,0.02499135800087781,0.1,20
99.68468248419846,-58.0501028076021,0.023761473063628146,0.1,20
99.67844255587582,7.037323842262008,0.007991815053419138,0.1,20
102.1408974895474,114.90442315220722,0.013521226806838552,0.1,20
100.44033942760369,21.753202563901862,0.02490697426983656,0.1,20
98.83183668192024,-78.57373211547068,0.020636927799162222,0.1,20
99.05149760490617,-27.726192221058223,0.01219673426051881,0.1,20
100.01428375709418,22.547538700918643,0.01952566576887125,0.1,20
98.3874203267608,-136.65955741202916,0.012538558584786643,0.1,20
98.11647233150703,-125.344215801619,0.011060213539342433,0.1,20
100.89289224486446,-16.77591613767208,0.008495887346341095,0.1,20
100.41525096118137,-129.1175845865194,0.010797461341822098,0.1,20
98.26919096988095,-59.189292492276024,0.008799375073324789,0.1,20
100.91875108284493,63.61350449952761,0.011844701027528064,0.1,20
100.34757177767585,-35.727178253112655,0.010068494626370814,0.1,20
100.70340077917534,-6.573207570852453,0.016537361407940418,0.1,20
97.63700232954172,-118.15970930381744,0.010800953218584847,0.1,20
100.95743891090562,-22.740440876595187,0.020728824773094175,0.1,20
100.02006605257833,19.740061950959443,0.008604342159846711,0.1,20
99.72848453149403,-16.712074062592585,0.024337960458535854,0.1,20
101.34978883499664,88.59666168129344,0.01714843143884306,0.1,20
101.10273351149058,38.319092526530994,0.009198868580246029,0.1,20
100.37604321608025,-31.611788976190503,0.013370843190409092,0.1,20
101.5198626126216,54.152214326190034,0.0030752453156107974,0.1,20
99.9534715187159,27.225401211617445,0.01917759757703385,0.1,20
102.36050797681652,170.4906862439684,0.012681732155955933,0.1,20
99.00513441744097,37.43708512933001,0.01632487395984339,0.1,20
97.86404027665107,-202.5804166049591,0.015748366681158543,0.1,20
98.6068453644342,-151.55685686844095,0.021175213331157454,0.1,20
98.45189493611781,-142.1674477614499,0.01852913517990536,0.1,20
101.14678954226171,-65.37957318884797,0.008611628004381623,0.1,20
99.1392904366164,2.631888410128319,0.015224215575686352,0.1,20
97.72140739044377,-51.65762612284895,0.01624435085688503,0.1,20
99.94812335711681,-1.6151154622169501,0.010747210725152181,0.1,20
98.98194089890413,-68.49069812679468,0.017768847461020778,0.1,20
100.05471505913258,92.73441289771452,0.02044964710535619,0.1,20
100.22262530077238,-51.002169168148285,0.0177552603703389,0.1,20
102.54604787418172,117.77513785526439,0.008415259216968476,0.1,20
98.63168417216296,-18.581991487800543,0.01791257225856576,0.1,20
100.7613354828433,93.67762204039971,0.019825087912342346,0.1,20
99.62648610564737,39.67406431015708,0.02635853280118896,0.1,20
101.32171942210464,-27.44169522085393,0.018069709799573282,0.1,20
99.03674761224778,-110.45154749168096,0.0156565642972961,0.1,20
101.69772747678387,108.96395930993205,0.019934671858163784,0.1,20
99.73837521962905,66.02711909865218,0.01947904160996749,0.1,20
99.784080953198,28.02366036170921,0.027679502452150832,0.1,20
99.09984123325701,-91.70643420610743,0.007813530670920277,0.1,20
99.46309444048917,17.257875697866616,0.019485286088615168,0.1,20
99.62046565960081,-31.68030471600574,0.011942672104566598,0.1,20
98.85666575539712,-69.93981419460106,0.020345982537163777,0.1,20
100.75322955733911,-56.37348624985874,0.013983596518505389,0.1,20
97.94483957850959,-106.12301261793753,0.00874129363333768,0.1,20
99.72584647224743,140.20821197324184,0.021328773596290925,0.1,20
98.2822315187432,-155.61350926569753,0.022828256602799878,0.1,20
98.7437966344921,-111.95955045624919,0.016589236732224885,0.1,20
101.01200494512821,51.908552364221464,0.02523376992778023,0.1,20
99.64528333248224,39.98887324911901,0.021304605827139424,0.1,20
97.63983950350597,-63.56297885961459,0.017242166986345026,0.1,20
99.85490152390223,54.350766844951835,0.026077081150728446,0.1,20
101.21774353808489,66.63044254533018,0.021312189060774117,0.1,20
100.16729093663301,97.43630900371573,0.021200540425005337,0.1,20
100.08834461963961,11.539146071387826,0.010338187920504902,0.1,20
101.83596541238204,127.79442973270298,0.01383769965466345,0.1,20
100.33164609082317,28.769111777021955,0.020271039661795887,0.1,20
100.67296848763446,42.883725392022406,0.01872350916676566,0.1,20
99.47857493170893,51.29607725571996,0.0053614907894516855,0.1,20
98.99120545069643,-78.17536158715059,0.018537699341695663,0.1,20
100.5256465202078,-107.22496082840118,0.0075991521152069435,0.1,20
102.40347447763261,88.14197846828526,0.011470396409744793,0.1,20
98.21758159754306,-38.9896944890951,0.01430361905177479,0.1,20
99.33701578621643,21.094955408661505,0.012389217680036634,0.1,20
100.01941810032093,20.546264760973305,0.024023387092622098,0.1,20
100.88571063530304,-22.972832232258696,0.01784101343570401,0.1,20
98.91028591571583,-121.13681193307005,0.021340311332232124,0.1,20
99.26802821024914,-34.81428645128465,0.018862732614004486,0.1,20
99.84233903918225,92.43831908194433,0.02238135597429145,0.1,20
100.19574712583372,-12.679380403318616,0.014712834435727622,0.1,20
99.92014759298755,-56.58098149435246,0.008510315116013844,0.1,20
98.93820774944813,42.96122715649618,0.006730373613581204,0.1,20
99.56900901874774,-32.80307946887205,0.012074538983556267,0.1,20
99.00142874998367,-47.95348864262844,0.022903859877611225,0.1,20
100.18692928943524,-6.8614204868792585,0.00929130909303088,0.1,20
98.86418478267717,-23.749533254457205,0.017010644224031906,0.1,20
100.86482599417957,66.57555623616138,0.024394217046247314,0.1,20
100.1348854136807,33.306587779153155,0.025479925368001085,0.1,20
101.02619769647293,47.94271306518009,0.02582449856167008,0.1,20
98.78314179274652,-145.23703704891182,0.022344750105534595,0.1,20
98.55266606977811,-23.521934253772713,0.012206954224801806,0.1,20
102.1264918208742,188.4904432001058,0.014584345138052344,0.1,20
102.61985599221407,118.56142144619392,0.0027038898243007268,0.1,20
99.75683518169349,-57.447978568864364,0.01817503568836326,0.1,20
99.79119155930142,77.15021714055484,0.012828543705882893,0.1,20
100.82616519855803,-39.49376445257501,0.022136769345257615,0.1,20
101.70703127438385,103.61784061909188,0.019124233009314914,0.1,20
99.08390928713419,-56.15999088989939,0.010418786866238167,0.1,20
100.71701316837309,-3.1305189361030537,0.011766962207182267,0.1,20
100.39295284344625,90.50179537659669,0.014110535294457043,0.1,20
102.46237403701438,271.8078734988082,0.0032629786568623906,0.1,20
101.23639092010264,100.7333802746229,0.014846518541066188,0.1,20
100.14142250307236,-3.714508927574218,0.010364983335055047,0.1,20
100.97028937653639,43.6135830152162,0.0208789645244294,0.1,20
99.21701302983142,11.386349565330661,0.027114382969977507,0.1,20
98.95239911140489,34.08119552942081,0.02043409866581531,0.1,20
101.76164836357268,100.68120536945305,0.016661310077602208,0.1,20
98.69780724397064,17.766997694143896,0.016641652014039908,0.1,20
100.3565896751657,40.245957952306135,0.01421836603600745,0.1,20
101.7112046770133,105.03843081476086,0.005229790539741865,0.1,20
99.64057864960941,48.96427597281413,0.006614773100788853,0.1,20
101.03674502655502,-49.69868698803078,0.0034677434548500943,0.1,20
98.93421792753219,-84.57392446552484,0.01699115582588335,0.1,20
100.04242922625818,-2.5522095735369223,0.011062528718656971,0.1,20
100.93068599547952,70.737675165751,0.022668120897070425,0.1,20
98.50263548505671,-112.26549246570701,0.010407010278761767,0.1,20
100.44811946955308,-38.183862716414,0.011727032931004668,0.1,20
100.75085296418483,120.22592494687484,0.017457232097941037,0.1,20
101.47610648801485,124.59899631255239,0.01684692844749425,0.1,20
100.35348185454723,1.9967967246492473,0.013158487493364401,0.1,20
98.83005829724473,-102.04882537099869,0.014744823265277535,0.1,20
100.32564589216513,1.5454565548739296,0.02553044965326683,0.1,20
98.67398918156665,9.455700287560937,0.01422141304128515,0.1,20
101.1682128000787,-63.186021504865636,0.023271506734251872,0.1,20
98.61643428486396,-58.448987305615034,0.006206462233566635,0.1,20
100.1098516502545,9.64498441181992,0.02030939926137086,0.1,20
99.34923474149225,-126.8538609105451,0.020552805016394116,0.1,20
100.16996685900251,97.50662861587091,0.027081300389985977,0.1,20
98.11659016672976,-134.12439137322303,0.020211323950222477,0.1,20
98.76464104784901,-102.98982769585045,0.017063983935605705,0.1,20
100.38848748064865,-63.056308711589175,0.024022385952360586,0.1,20
102.05792320395166,99.50505767025798,0.014464550826908321,0.1,20
99.92599816213855,-42.82735306222817,0.024908603702319412,0.1,20
99.27977886624703,5.088535124864309,0.008992507077730505,0.1,20
100.25630372081888,8.756855655065378,0.0119081708957834,0.1,20
98.40378699866213,-61.58389156559471,0.012948461488342916,0.1,20
100.91087292663174,-78.78580073723882,0.00613387338943681,0.1,20
98.97279103204967,-121.1387944899877,0.026385984356155173,0.1,20
99.99257900278393,65.6068191780405,0.020850474634758306,0.1,20
101.5266551285319,-43.60375146469208,0.016421923064307932,0.1,20
100.67816843585706,10.950178254221257,0.003802748541866894,0.1,20
97.70464549149014,-161.65858248497068,0.016594464130965984,0.1,20
98.63844969846265,-101.45310185317774,0.0033832715639320193,0.1,20
100.51989470102303,-55.44133112900937,0.017825648690276173,0.1,20
101.78150417612551,56.64564820129714,0.017973161569043286,0.1,20
100.61784863633439,96.27124215260156,0.013442361960322636,0.1,20
99.39064692199393,-49.15345388020412,0.02255805255421968,0.1,20
101.52679575678195,70.97366862306139,0.013491946893100126,0.1,20
99.93644420492193,47.52207712089203,0.02667455582706353,0.1,20
102.19838694156485,111.47512608548946,0.006477249428899159,0.1,20
101.41560111177021,45.73617867705394,0.013691164295741359,0.1,20
102.4811721193414,158.1328272536176,0.00654551711167744,0.1,20
98.77303432667482,-35.03649360387623,0.020805372930770654,0.1,20
99.12341636556901,-20.465213368327156,0.009840072613650705,0.1,20
100.45976891855946,24.358379142085067,0.024825001998111336,0.1,20
100.72489484131631,82.47402599014862,0.025330034611072395,0.1,20
99.87714776074438,-37.86416259149338,0.007536199847001839,0.1,20
100.56660042248684,-44.07833385247057,0.018227944254456552,0.1,20
98.17976732060737,-150.81900127389616,0.02163478756013655,0.1,20
100.9148339747399,-65.21679888681881,0.0029581664357585472,0.1,20
99.43165098306237,-4.205557589181932,0.027125798787018787,0.1,20
99.03452436993045,60.243619602233764,0.014474354302459972,0.1,20
98.95506631441285,-45.169320842680094,0.023869785549107986,0.1,20
98.6858472625373,-44.6066571513258,0.013570005200457421,0.1,20
98.4489291187181,-42.47378080204142,0.00944371958695669,0.1,20
101.98495335545297,146.4682949800289,0.003633859011480093,0.1,20
101.28409051354689,81.92983112276706,0.0063044421752961365,0.1,20
100.67192078860079,-100.47054070452462,0.007801080208139034,0.1,20
101.06746849712623,-32.77856215993365,0.01883375241805005,0.1,20
99.60044217874524,-44.54470486622697,0.016201504098601913,0.1,20
101.8097814169131,142.21654914481826,0.018559956619301602,0.1,20
101.6544019877004,80.63746142910992,0.013882270416388683,0.1,20
101.35996000585881,104.01909106456012,0.024138727503954523,0.1,20
102.02630909773575,63.029692154651556,0.014569387893662735,0.1,20
100.88980556308464,-129.06666286302533,0.0011316325016952626,0.1,20
101.84611993802288,70.8541652938237,0.003125382362246135,0.1,20
100.73476803942418,-110.71878524433191,0.014221382956450151,0.1,20
99.38018757549226,-33.7024815370214,0.023604702051690806,0.1,20
98.2312143079846,-78.27299808225494,0.011707454042169798,0.1,20
98.99165041376502,-36.92962433669748,0.01344515642256147,0.1,20
101.29420893583347,116.28289579453492,0.011513818625649746,0.1,20
99.46988000625387,-66.75158110708188,0.02235297101501858,0.1,20
100.39018418380745,68.00219948063773,0.02111475747175186,0.1,20
100.51521890306105,-5.735194733357176,0.02128261877837196,0.1,20
100.55694463300836,-115.8149044796638,0.0060832843066034375,0.1,20
100.63504430067832,-24.70881519324231,0.009995830911203764,0.1,20
99.29581036708595,-8.417341572281064,0.0249851500813817,0.1,20
101.64856680279712,64.97770086739452,0.009466978907319873,0.1,20
100.60464665725402,46.064081502601766,0.01734558119637352,0.1,20
98.24392252245012,-89.53063442616498,0.013554188396704843,0.1,20
100.75848403552021,-2.0605713458485084,0.007116609896800911,0.1,20
100.44988070395198,79.23019639946318,0.026368155074418906,0.1,20
99.02900448572659,74.49894138033804,0.0049957539852489,0.1,20
98.62076942007633,-152.37998679269083,0.017221683845187963,0.1,20
99.46930179033885,-49.172486288749425,0.02273069950562061,0.1,20
100.7185233338451,-13.045148191847588,0.017979273482521017,0.1,20
101.30641628202689,25.975652778367774,0.002692398302194787,0.1,20
100.5276950307448,77.21161511461325,0.01810072418549593,0.1,20
98.09053305068527,-138.55804361218435,0.013769921188471921,0.1,20
98.82508174031697,-5.1380368711819315,0.016650790719552094,0.1,20
100.23034997290453,-30.356241742944103,0.019089384483999987,0.1,20
102.4276601902589,173.67922177075786,0.005587026237881196,0.1,20
101.5075697248274,110.31142356802077,0.02025285861652249,0.1,20
100.12907821064823,0.7888658896688238,0.01928485555223097,0.1,20
99.1812914223534,-21.120005692095734,0.009876503309739139,0.1,20
99.46258259864186,-16.533925635239566,0.010439358768980422,0.1,20
101.36499379088764,-8.93458538779682,0.004303661796844492,0.1,20
100.98966840352475,45.440086345854624,0.023315683038319445,0.1,20
100.44533372442709,-23.14059213095493,0.026301314726598607,0.1,20
101.47104734846495,80.04163454504464,0.019629932396903,0.1,20
99.09361298610959,38.1892976295628,0.022621906187939526,0.1,20
101.47236714076418,85.76152355309198,0.02081392517225376,0.1,20
99.76397252239218,76.68411500998488,0.010568803861502196,0.1,20
100.00580827235756,14.182367231881116,0.01743128150730755,0.1,20
99.61645873360784,20.79463163135574,0.006758618417662164,0.1,20
99.45009293426071,-64.12700604534345,0.009217062445774223,0.1,20
98.58236389902926,-163.38588929708922,0.010004525402117869,0.1,20
101.22420046138394,-1.963282130019813,0.014528838783085122,0.1,20
100.91320386021248,0.9526001336634735,0.01677034453977704,0.1,20
99.67276993648215,56.92367219440309,0.0073118726535895545,0.1,20
101.14340319399844,114.96399958679082,0.024310862852530667,0.1,20
99.33873555522736,-22.5533331392242,0.0222695771713061,0.1,20
100.03579959229899,1.524775627366294,0.014263217048323635,0.1,20
100.40210122840901,7.175490217163315,0.021725093100122397,0.1,20
99.0120151772939,-41.988242171272496,0.01713088656545903,0.1,20
101.08378660250101,51.64924451478262,0.02407589661960092,0.1,20
102.28385890884633,194.01825215950936,0.0026224804796644865,0.1,20
100.86012448793264,40.2650963809648,0.016536810040004946,0.1,20
101.52349349793718,91.86415998169903,0.0077938080445988135,0.1,20
98.27923543786372,-31.150883644985427,0.006442104676949047,0.1,20
99.27473333273065,111.7437433427738,0.006135504917809575,0.1,20
99.07465219360353,-85.58292384283742,0.010338182392168252,0.1,20
100.03176053681184,-7.24764702814057,0.007958101671854751,0.1,20
102.08878213774851,14.889015117550642,0.0016909450438037388,0.1,20
98.69305309804744,-89.10596861104526,0.007961795397566297,0.1,20
99.8280509057375,76.70341484114778,0.023306833766349237,0.1,20
101.32495523794528,3.354767639776828,0.010850080273613076,0.1,20
98.88368965666778,-76.29107034672222,0.024874923448312138,0.1,20
100.40152195157476,-14.848780352474968,0.0275896526127982,0.1,20
101.67132162101596,61.446913440095955,0.017266079332333567,0.1,20
99.6150949218353,62.86622616863825,0.021793346614135806,0.1,20
99.43727876545739,15.635012549727502,0.015563337183819043,0.1,20
98.23043742396445,-137.20581715254988,0.017437560644366516,0.1,20
100.4850698608516,103.30584432523239,0.023086021878119575,0.1,20
100.87130034647451,38.44933091114346,0.012873666318164738,0.1,20
101.13666444210203,172.8603332143118,0.024773005242367967,0.1,20
101.39152416491015,1.8971795253311097,0.007294539189042045,0.1,20
102.38716572782029,87.0570317092328,0.009188842890159787,0.1,20
99.76928250446008,38.634318952082154,0.020389648230597066,0.1,20
99.33853714220857,43.83623841222314,0.022258908773184736,0.1,20
100.3253482210084,-47.5362247505975,0.01876631967682141,0.1,20
100.78429373631275,10.077177201059683,0.02714473536303035,0.1,20
100.64854666665583,-35.69518873781651,0.021979539623620745,0.1,20
98.95980379165589,-1.315079721676895,0.023493884783678073,0.1,20
101.46607609903074,5.76680878278097,0.014956712235916002,0.1,20
101.31525484538079,118.16545372555944,0.024564883355009868,0.1,20
98.18801593473067,22.804807223778468,0.005366879366530164,0.1,20
100.52007866905468,-48.868754598188204,0.018417538325118284,0.1,20
99.75161543106985,-66.22823280281088,0.007068942744597108,0.1,20
101.08796380780255,89.66089929602816,0.018904394182560843,0.1,20
99.90330882763799,0.9146972757407847,0.011915974358607861,0.1,20
98.75445899154926,7.901888773347423,0.010658711702000737,0.1,20
100.2074366097492,-28.723589622804585,0.0245824087218184,0.1,20
100.2558494728221,30.348463545459257,0.012341705868476525,0.1,20
99.81106516375027,42.65311900656292,0.013257316009425616,0.1,20
102.6881734269641,135.2177935884235,0.0016769256444151158,0.1,20
100.70441768211766,-42.890941228945714,0.015834759843789292,0.1,20
101.32723792055576,39.49642757940946,0.00907404991074853,0.1,20
98.14734718133987,-49.8427284528494,0.01798758713386554,0.1,20
97.54123089268344,-113.93520990206338,0.001903243051531055,0.1,20
98.09772480412036,-181.86580054791125,0.01937463976802949,0.1,20
100.4014732663193,-13.35797031947785,0.00972909758371619,0.1,20
100.00176442706963,81.53034651357126,0.010274148819735724,0.1,20
101.49052448273193,-46.87256467849853,0.012579454611012113,0.1,20
101.00470527758043,32.624205272831354,0.009729863215385832,0.1,20
100.81682871283658,13.05275599617054,0.022965268480963627,0.1,20
98.75602081607903,91.53589590745494,0.012358284550234366,0.1,20
99.05963385078397,-49.21262609937682,0.01945328212576627,0.1,20
98.89420263838726,-91.24247412011243,0.016042565996673964,0.1,20
100.0648154236951,-10.868326188082253,0.022529629706534663,0.1,20
100.68572262438506,-85.5311348961149,0.008535918736876858,0.1,20
102.34925992368919,99.62744635999415,0.012886923182728256,0.1,20
99.91815769669441,-46.9058212646279,0.027635642094299143,0.1,20
98.92448240242406,8.603818013733331,0.018688064104048187,0.1,20
100.93812235483192,39.84646048456294,0.013118501067657105,0.1,20
99.11898885704798,27.635657995319338,0.01080963008042617,0.1,20
99.31995478599079,109.37726097194923,0.007304808598699637,0.1,20
101.66963265187076,71.91816415533239,0.021458111219835936,0.1,20
101.29251664480053,25.362994975008498,0.016689381727021523,0.1,20
99.61796714519114,-18.909721047437472,0.020730673258432832,0.1,20
98.54517622087869,-153.91826871323605,0.02080033741408619,0.1,20
98.67240763821559,-39.26453360212667,0.023089552517307904,0.1,20
100.92996288927566,15.005462358361449,0.022520880814787633,0.1,20
100.13929287414093,10.618764347144287,0.016198149996370613,0.1,20
99.80793628029926,-50.99772451183899,0.012977039575508912,0.1,20
99.02366617487009,-5.186978395496332,0.013850330054520776,0.1,20
99.44533766888426,53.62394002066916,0.0056031682836835675,0.1,20
99.18862862273062,-16.813196074231264,0.026399431410438177,0.1,20
97.54178246077056,-69.62181986803762,0.012732315859030131,0.1,20
99.1206054871452,-62.22757749078302,0.01365778345712075,0.1,20
100.3522280931331,70.80173056440863,0.019859411280329017,0.1,20
98.76964397949119,-60.937475239998335,0.020233539136700663,0.1,20
101.73896222819282,56.95693151821051,0.016000881708545217,0.1,20
99.6006317238944,10.219066518556655,0.022787509316612345,0.1,20
101.05893111301747,-110.56513972723087,0.0029416233397146167,0.1,20
99.2375562727157,3.44431447861367,0.022348318314114095,0.1,20
99.36400011788146,-104.62692133013418,0.027274709490950896,0.1,20
100.0232024615711,-18.928014882246842,0.019556227359788587,0.1,20
100.14922407955696,-139.36986615173353,0.016355947849472162,0.1,20
99.88596904369118,28.707083413286853,0.026330995040754358,0.1,20
99.84378351495174,5.542595684444061,0.02573743121130204,0.1,20
99.02800537875692,-11.510056869455507,0.017878153617988397,0.1,20
99.4581305053538,15.836580096131904,0.01127695777491721,0.1,20
98.72010452578661,-27.207457609056,0.010598741549167597,0.1,20
99.2592783543846,-3.593285513631793,0.013683429888985875,0.1,20
99.4129720133858,50.69937806499473,0.008333247890486367,0.1,20
101.39118265907298,106.71430191941262,0.004357952030284275,0.1,20
100.51130786285076,105.49762609448572,0.01924398325357393,0.1,20
98.527313692602,-157.82935783189782,0.02152486459235323,0.1,20
99.54457999356774,-151.53724732446227,0.014416202799906401,0.1,20
99.57946278864662,-32.72611528663819,0.02693295942000818,0.1,20
100.68293948975851,13.088499453823351,0.01313261213554075,0.1,20
98.22656975399563,-157.06875650571203,0.01142623902681115,0.1,20
100.05199980037328,4.456029943354601,0.009474047533416038,0.1,20
100.17812947171728,17.638111912429814,0.019905637431822373,0.1,20
99.34398232931676,41.655679741625526,0.007597116732875164,0.1,20
97.7899876020404,-32.93070333841473,0.017321820817672962,0.1,20
97.8977574017103,-215.86162760149296,0.006033814794302536,0.1,20
101.39316875280066,33.32083582249079,0.017938985330702685,0.1,20
98.00352020702654,-65.42016669745595,0.010648620312972642,0.1,20
100.14126703437833,55.913704208856075,0.015093092784026573,0.1,20
101.31450306567031,60.12757359381243,0.020706572013204944,0.1,20
100.09289871024039,143.8816439126258,0.02759561609889105,0.1,20
99.31891808462014,54.83776631315028,0.011132034473221147,0.1,20
101.97043266451314,93.81971150123063,0.020336448989417357,0.1,20
99.83085498630534,99.28380076650123,0.007022416477163582,0.1,20
101.85558948322273,103.4154869283422,0.01883066405460417,0.1,20
100.15475543656679,-52.712748979877006,0.007850491880744262,0.1,20
101.03693196942427,35.99530044437332,0.014288389357628094,0.1,20
98.51126023971543,63.64591312477041,0.009402870225645968,0.1,20
100.18029662854167,94.23216529521699,0.013985632808610095,0.1,20
99.56885940685814,-54.204330557867195,0.01686063604977475,0.1,20
100.55395815211011,-46.46562298603308,0.008214679715166867,0.1,20
98.74762084968872,-55.42923858273356,0.017471359623055585,0.1,20
98.28755697993131,-168.02589137650529,0.02080964322362033,0.1,20
99.19388026910599,-29.648867229334645,0.022290325359567955,0.1,20
99.04980188053963,-17.02539216312778,0.01521417479178991,0.1,20
100.92149212210909,90.20934174893499,0.025783548683951378,0.1,20
101.2220680311905,140.13999884650596,0.01734296768651493,0.1,20
100.53671157259765,86.19636022653131,0.017591509460161373,0.1,20
100.63735691836797,-9.08134038223163,0.012754639952967507,0.1,20
99.54648748786171,-8.6491713560021,0.019507614507766623,0.1,20
100.25337270568104,-53.70902278853222,0.013699648535889782,0.1,20
99.97973107761581,33.087340638275165,0.008829816144111186,0.1,20
102.57740297323612,177.35319724341545,0.010583254652547025,0.1,20
101.34115958625966,134.68754340577976,0.018730061811852203,0.1,20
98.6428824697552,-127.92155098856033,0.005775141303257943,0.1,20
102.493667539597,123.62579373282128,0.007913441862555054,0.1,20
98.48119240801633,-44.07365491345527,0.004277703816842065,0.1,20
98.86776369438236,-22.34150140684619,0.02572152283870675,0.1,20
101.0719602723109,93.5636170364149,0.019083533579173105,0.1,20
100.6735897539017,67.99999097578342,0.013192943241418217,0.1,20
98.84577663964068,-98.73559010233487,0.019147920667620805,0.1,20
101.53197078122426,43.9767214217552,0.011396602267892615,0.1,20
99.57604994521813,19.12111180173451,0.013469120736031723,0.1,20
99.48286848187023,-41.69101206044934,0.014008632145028772,0.1,20
100.12095653265872,0.18188095033216456,0.00727128918125492,0.1,20
99.014618375068,9.156798019447397,0.013232490050968064,0.1,20
99.76424778423605,42.67235707267598,0.018224095630176337,0.1,20
99.52236705549917,-109.93855353017594,0.01963747145156218,0.1,20
97.9841803925459,-86.04361047912656,0.011510133658471838,0.1,20
97.91380438000485,-141.13557377274645,0.01841553513242937,0.1,20
101.06866505888178,28.98829236919084,0.013192419539808617,0.1,20
98.79331438515044,-115.70248374741472,0.01546020797691142,0.1,20
100.68836591133301,59.99796335357492,0.019811693473788184,0.1,20
99.13496996419975,-0.6578189052022267,0.017668302558099428,0.1,20
100.17958744586142,95.85347663752242,0.014806899534792877,0.1,20
98.87029380860636,-66.5027735788833,0.02626791598486513,0.1,20
100.07453175883266,-41.150926163152214,0.01817050452139495,0.1,20
101.55347013607413,97.71013977803925,0.023202013948586616,0.1,20
100.02591929268665,7.772097157063739,0.012960122948260546,0.1,20
102.84166166013415,202.43086469704454,0.007731079186844715,0.1,20
99.98541823990013,5.297768469570588,0.01886809593486167,0.1,20
99.67209978047197,46.11257536039786,0.014665423959108413,0.1,20
99.68170226046287,81.38486094889802,0.008092529355703612,0.1,20
101.28663220264453,-32.694233676801126,0.010546198142426173,0.1,20
97.65432771717963,-168.51780269119854,0.015385213431873589,0.1,20
100.34913752842482,9.461725782673936,0.016645789600199978,0.1,20
100.35406869653688,21.477056250782322,0.022740272258976783,0.1,20
101.48017309774276,13.258999432093127,0.010921219670386612,0.1,20
99.2455635673808,-3.096711492584391,0.010171189264887128,0.1,20
99.63679681266652,71.7503080289678,0.016641533450024674,0.1,20
101.26411554548355,44.437493481899295,0.014581022082401435,0.1,20
99.73984776535961,18.515090422489028,0.007108709578687476,0.1,20
101.59589766975817,-21.267336722317843,0.003053827073227099,0.1,20
99.4037473187836,-1.1227774080124802,0.013329314450944787,0.1,20
101.42072182580682,50.257259756251685,0.008493527831184665,0.1,20
98.65892991946909,-110.99725834543302,0.020298495817374067,0.1,20
100.01167737919718,9.352061123744777,0.009212939561021084,0.1,20
99.246694537767,70.87057571724128,0.006004839224099157,0.1,20
98.66187418959034,-20.65568846225221,0.013686992383596167,0.1,20
99.45065884290813,-107.96519063006984,0.017474075904992472,0.1,20
99.65210764782371,0.08092936981510235,0.018712310230476464,0.1,20
98.45666409105422,-176.98783104714025,0.017815734138696433,0.1,20
101.2285336520984,51.60486706187582,0.0141062004618394,0.1,20
101.1684163992266,144.83651439296983,0.010231068481761843,0.1,20
101.25406531286055,68.21547084889984,0.016261971720933664,0.1,20
99.43540738697247,22.755240165038657,0.015510095923434466,0.1,20
97.98476340930367,-147.9494352493254,0.015338051807765785,0.1,20
99.79695526374664,129.2594613955235,0.008801529673186639,0.1,20
100.60737648229585,-13.556686380864598,0.009949154064810785,0.1,20
100.22836928222388,34.04791888200961,0.010579099281716632,0.1,20
97.77604618057484,-144.8775251942883,0.008734496145670026,0.1,20
97.36914264301713,-189.56903166814692,0.007948391695926474,0.1,20
99.29336579474563,28.613354752228695,0.02207033786816399,0.1,20
100.84645725221597,43.873535902952405,0.017778366541422886,0.1,20
99.82293222010459,52.153390336504096,0.00980463812837451,0.1,20
99.55812763125958,-0.7500725321026884,0.026131349130066123,0.1,20
101.10899733042625,-45.94446910399629,0.005654878816249558,0.1,20
100.68281280979468,28.348341223430396,0.01827037826906892,0.1,20
98.99609714249058,92.6633626060537,0.016046776917015414,0.1,20
99.32730004011933,-57.00691427065067,0.0073116388677460595,0.1,20
100.38386183373258,26.843931706460364,0.008935661978080146,0.1,20
98.89332327502137,-10.727078382145216,0.024619886392283227,0.1,20
101.81570659767011,21.591033413436705,0.022727601998511447,0.1,20
100.4252576582768,-34.168455856978646,0.025167988883890696,0.1,20
101.57694256591026,27.441529266304883,0.010229640147831306,0.1,20
99.33729424416427,-6.071623637263669,0.013722016944693202,0.1,20
100.22542920643839,18.743639390107244,0.02228747866754661,0.1,20
99.29495772960588,22.113520537542914,0.013074513104027,0.1,20
101.66952061391902,74.01553417949478,0.010538093412065734,0.1,20
101.20296183839422,24.666889029860414,0.0011756148912638925,0.1,20
99.31630235730819,41.375005774093,0.00618510976250539,0.1,20
98.11518551763622,-86.61783348670909,0.01751759030643679,0.1,20
101.66698227274944,115.32100630639009,0.01746226409435218,0.1,20
101.06490879809735,-54.621832529997064,0.004701391812730585,0.1,20
100.95871565538523,37.84239130484919,0.0244742494995772,0.1,20
101.27925134456417,82.98628522696055,0.013991065807792056,0.1,20
100.37201688640104,0.5273274306614937,0.007485230599453755,0.1,20
102.39000274138304,218.2574903417261,0.01196753417512278,0.1,20
100.05514591011656,8.264977050195021,0.017652095283471357,0.1,20
99.04361924219981,-80.62211467388542,0.02441769244684221,0.1,20
98.76844226159531,-2.5372200166592336,0.018594587662092613,0.1,20
98.67868750931282,-12.31826187069359,0.0022321520309080884,0.1,20
100.13440357236034,-12.191896190226018,0.02646442262736044,0.1,20
101.30732598844283,126.65646521329295,0.01742226566362856,0.1,20
100.1005405519068,-113.50444257996122,0.011266694618015102,0.1,20
98.04472164912646,-135.00568938744888,0.012790490730483075,0.1,20
98.85702020179247,-24.76361030842459,0.018040217889410726,0.1,20
99.9710092669209,-47.418051864857034,0.02301634124648052,0.1,20
102.83853515495473,101.05479726069245,0.01000863554319587,0.1,20
100.30346889496892,-1.352253832480038,0.009433954541674316,0.1,20
98.96368420279663,40.05022826046769,0.004232193908265746,0.1,20
97.96988343935915,-191.2601798176209,0.00474649518187002,0.1,20
97.90405338377055,-84.17298721857367,0.004342815337753042,0.1,20
99.62877902146306,-62.263300671671644,0.00983197865069947,0.1,20
99.35023974828023,139.84961297161374,0.002957086118812441,0.1,20
100.96733925159465,18.84506824612814,0.010836239313139864,0.1,20
98.82479981767929,-107.75980161779455,0.020686531801435575,0.1,20
100.32210571467782,-3.057479440741517,0.009339165315885398,0.1,20
99.21584950538785,-10.532229518635326,0.020346041345890326,0.1,20
100.64414040019642,-116.8995243378929,0.01796913775186259,0.1,20
99.63797158710594,54.98292178047776,0.011523415179997139,0.1,20
99.08655096856472,2.958870825374408,0.007163951929639653,0.1,20
99.36758827880979,0.8703766847395684,0.008526576442697099,0.1,20
100.60099647081978,18.32119639040954,0.011065683579350725,0.1,20
100.10738281278279,27.982947000998124,0.01265800122658587,0.1,20
98.38234653798945,-118.19573361371447,0.021663447081987506,0.1,20
98.68595090573541,18.936105423262518,0.01247259816981544,0.1,20
100.47841356534502,84.77432018048871,0.016015630247537285,0.1,20
98.187848413116,-155.4351561486815,0.019594375125421268,0.1,20
99.70723430064851,-53.02885780845176,0.027902362465287038,0.1,20
100.99162143571981,-6.138616751559738,0.02320258969533947,0.1,20
99.59771012983393,-23.26482666695194,0.02357438832975162,0.1,20
100.52632282460378,52.95736684091864,0.01015780023369212,0.1,20
101.46069427493634,46.06939847078736,0.005278792128692174,0.1,20
101.03518709309893,84.17650341338168,0.017672617605819632,0.1,20
97.64560329795796,-178.82131806479936,0.005442954504431706,0.1,20
101.07333029312316,74.26478881348584,0.016351269784637718,0.1,20
98.17495066435431,-92.38636777751447,0.005919562355093691,0.1,20
100.07537487572024,-9.781183271064032,0.013896888366600673,0.1,20
99.84414399840338,79.64221479479619,0.015497973112581505,0.1,20
97.81298095976874,-169.8168448680417,0.008543810982186087,0.1,20
100.4373388176341,33.98573293512375,0.008648041968954618,0.1,20
99.24424384957396,21.320464666255756,0.011816534941450992,0.1,20
100.16876826892961,21.730903121535377,0.026980029188890826,0.1,20
98.71784384453072,-9.000976259344796,0.013719563388678541,0.1,20
101.24838632450239,55.31176725467884,0.024713590292359932,0.1,20
100.03427300850615,-95.25825711368208,0.027645485934315414,0.1,20
98.1764279360001,-86.95565387439919,0.017705141683107543,0.1,20
102.08680651992748,103.58119450513814,0.012915266199671527,0.1,20
98.75213830059047,-52.42018381723782,0.014266396959322625,0.1,20
98.0275289581805,-154.6405801195781,0.014001127191121775,0.1,20
97.55106101112973,-186.764754278325,0.005650059721331136,0.1,20
99.93166499944354,-6.304493969331574,0.011919746510453036,0.1,20
100.48492926218468,-26.917933692184356,0.00551479138978731,0.1,20
101.11636574843146,54.400108815526764,0.015463460196649823,0.1,20
99.46938365195176,50.73749589179881,0.015054787368174087,0.1,20
98.5908263386766,-19.710584190519313,0.01926012313216039,0.1,20
100.33804181340332,126.14472531316946,0.012884992357099492,0.1,20
100.63069514756275,35.61260312608681,0.018188611042898067,0.1,20
98.31060601700814,-65.71131345156978,0.020234253096670415,0.1,20
99.34555025686932,42.25171029692308,0.024729227603788224,0.1,20
100.31884645625578,-0.7794949066851977,0.018176477819981145,0.1,20
99.73672280960774,29.75694344684878,0.01833624528902134,0.1,20
99.99279986245186,-49.715621846783876,0.012200153102691097,0.1,20
100.15988475527276,9.692364130358303,0.01161361827923081,0.1,20
99.54905145251034,117.19431871716382,0.015962256817394268,0.1,20
100.86366440784512,45.39647465404743,0.006620575883438794,0.1,20
98.48650775085602,-85.29883629854612,0.018638955153298102,0.1,20
99.35022922432275,-22.642477604350805,0.025539813298590588,0.1,20
98.49767964383801,-3.870943948423701,0.01141244573051416,0.1,20
100.86588226909831,-37.09970237227287,0.015641950898845798,0.1,20
100.19794830934036,-33.7106614017364,0.027968823432133052,0.1,20
101.3326679548987,9.409886072471103,0.005828955532774606,0.1,20
98.09619820003864,-137.29619693357142,0.0024828539100285067,0.1,20
98.21045958365447,-87.05178986533964,0.00693128237959462,0.1,20
98.91511146030938,-2.3897693187803988,0.012411643281946818,0.1,20
99.6189158366634,-37.31310014634331,0.006845405234897009,0.1,20
100.49288815564891,-38.2852749581295,0.009152447588959958,0.1,20
101.88312352621108,156.69819424382834,0.01941269845449965,0.1,20
102.80386724545504,114.59080654578193,0.00655847356367243,0.1,20
98.22337821108168,-150.83325033454366,0.012931296756086504,0.1,20
99.54078642454937,5.446040412760327,0.019286433321990138,0.1,20
101.24748396189406,142.42890093247556,0.02102048655104834,0.1,20
99.59901660811074,-25.698930157699284,0.02463044393856227,0.1,20
99.58092562115311,47.267257710624506,0.025058981294875687,0.1,20
99.60298107567043,-96.57505071420225,0.00895152712910976,0.1,20
101.68281234787054,114.32625214803038,0.011520971070568055,0.1,20
99.25521701107364,-10.609785244340351,0.02342988927778131,0.1,20
99.43444379001775,8.449710182850183,0.026583407416802603,0.1,20
100.34997545683808,-76.7414254449049,0.014483381245804923,0.1,20
99.83543610390046,-73.60545296488436,0.012270584253109606,0.1,20
100.28028429545328,50.26558662869752,0.019123614845477886,0.1,20
99.59158894409462,-37.29601776714561,0.025797098493959943,0.1,20
98.92723715175053,131.1534949437268,0.0023816468745648353,0.1,20
99.79554937632908,61.21553888770443,0.014918086447723387,0.1,20
98.52747018663895,-43.7064596396209,0.010172361855607433,0.1,20
99.55945281965678,-107.07870862763652,0.024306789909068347,0.1,20
98.94440769672279,-44.40305815508796,0.02156701104389516,0.1,20
100.13552468085332,-81.2649287114433,0.007619948872636085,0.1,20
100.9381936878915,72.88118666214388,0.02105625645371731,0.1,20
100.24823419849372,48.805260222527295,0.017954933231664954,0.1,20
100.90930486376341,25.88518390568988,0.02456612244497046,0.1,20
100.4957317861079,18.777257248347954,0.016127525592676595,0.1,20
100.37053668487893,100.26959705980809,0.018341225288064353,0.1,20
98.93921080289175,16.882975665386205,0.021756336430733447,0.1,20
100.49133611785427,20.712770933502984,0.022175613695078485,0.1,20
98.48834322158166,-70.5232999451577,0.022294399849918618,0.1,20
99.56279322606574,77.65357062587663,0.014482197197345248,0.1,20
99.44198271257171,-64.26952928829738,0.011799472092455602,0.1,20
99.69518997061267,111.97444688959462,0.010905712142716703,0.1,20
101.22161991354704,-67.67030080648864,0.006886988453860017,0.1,20
99.48560227519482,81.17520524314916,0.01230760035677359,0.1,20
99.92438063224975,-68.46833744769911,0.012241349306518103,0.1,20
98.39874338290667,-89.48616442617663,0.020047850418257185,0.1,20
100.96109014001894,9.607652234715317,0.017590391662401426,0.1,20
99.35650568698058,62.7243688968547,0.009728002447167153,0.1,20
99.69676967211392,-59.639421928050105,0.021009134301541315,0.1,20
102.05322564714935,208.2247024347895,0.01642475343997114,0.1,20
100.48154456320313,24.580095033726575,0.02303803324114957,0.1,20
99.63913473053528,1.306259388101548,0.0257773692244185,0.1,20
100.40706110884166,54.950926111554665,0.02511282349830598,0.1,20
100.47851945789235,-15.249184927345283,0.024882118828025,0.1,20
100.05607926937934,8.950551760228153,0.011264449338927021,0.1,20
99.76527676987932,32.63968006211542,0.02134224029446061,0.1,20
100.50349796028891,-36.41765698939126,0.00945234401977224,0.1,20
99.68227535589077,12.161812882602462,0.014733537357694518,0.1,20
99.59642295645571,35.659386006539805,0.02562470167028206,0.1,20
100.81306509088475,-43.8155362910652,0.004409060216186431,0.1,20
98.33201034326076,-82.37833121946404,0.0040391836867816125,0.1,20
101.34938845646076,63.930253494941496,0.019685913512571058,0.1,20
99.99075945402902,-74.1712872231152,0.015680790556176417,0.1,20
99.6473940313117,-29.236273701015534,0.006929551878186775,0.1,20
99.27586918305785,48.193003412507984,0.009510987985801984,0.1,20
100.8277122716456,17.495916439056924,0.015432888431630355,0.1,20
101.54122012058049,94.37595293459451,0.014901695484462824,0.1,20
101.15859000852163,-74.73441482221833,0.011760657301329224,0.1,20
101.07799731228114,-37.702586131292705,0.002060999970093055,0.1,20
99.38103617136699,52.850270686012216,0.01132703198333303,0.1,20
100.46502926206752,91.05064903176728,0.018099566551695846,0.1,20
101.98594597519977,-33.64542880115286,0.018296648405547254,0.1,20
99.58093513790654,44.69059418937023,0.016548533859043923,0.1,20
102.09750278041172,100.90454222099933,0.013251276662809952,0.1,20
101.79308643015823,-11.076484340469896,0.0036795881378266703,0.1,20
101.15689092174114,78.58656212067126,0.010448562814265136,0.1,20
100.69275786683764,14.520294709711138,0.009342271206070061,0.1,20
99.75775264883747,-6.442221484833093,0.020504386486272556,0.1,20
99.65136786472746,91.14353752524283,0.006674254224952864,0.1,20
100.50570016298573,101.99035678505581,0.010761667976896558,0.1,20
98.42645478638802,-81.21602119043004,0.01863447708908815,0.1,20
100.03462276641898,30.85361645679657,0.011077256106357606,0.1,20
99.09103384030836,6.940787494785312,0.020818651919854266,0.1,20
101.4575061555788,24.260125925600306,0.010931643780510225,0.1,20
100.67305180019487,13.47165195809664,0.009852497916697962,0.1,20
100.82767928651444,40.2285726053073,0.019491755403070316,0.1,20
101.83272002658005,43.22979071276603,0.0118880369877908,0.1,20
100.85003139716635,60.392466154633155,0.00709525774339821,0.1,20
102.15163123845613,88.32288523718769,0.013179548910110781,0.1,20
98.37156818900179,-1.8958990076860545,0.010453291645734707,0.1,20
100.17046177934064,10.276741397372577,0.01560143711408111,0.1,20
101.14047948393348,165.1247927658322,0.022586005788334744,0.1,20
98.59363328782887,37.63852705268812,0.009545215891285815,0.1,20
97.39849462160778,-244.93028572291956,0.00659613448535667,0.1,20
99.67507697297393,-13.49173017199166,0.02758814071100416,0.1,20
99.13003982793195,-59.961435142976626,0.025584392010597118,0.1,20
99.16520500107909,21.18123750722645,0.016719929948056746,0.1,20
100.05714124885583,26.250224861536136,0.023189425744280307,0.1,20
100.35428936385165,36.37851107317825,0.02338073897554195,0.1,20
100.08821404287112,55.660009905241246,0.016674868983553807,0.1,20
97.83821823294467,-115.39161598662899,0.018783388761032874,0.1,20
99.43941564057926,-30.011390608493244,0.019262543686441314,0.1,20
100.93222480247373,111.30717651572733,0.010366882814975982,0.1,20
98.79160751750199,55.49087648470153,0.010011125240409292,0.1,20
100.26795810642977,-84.94748326770971,0.021100007376835747,0.1,20
102.00717536259543,170.3149122467086,0.014629017415707051,0.1,20
101.24816524329907,-19.27187307813682,0.009009115733252289,0.1,20
101.62946407440602,-54.00942432436472,0.01180684690118248,0.1,20
100.2096127204401,-34.15791280492152,0.008686773805210372,0.1,20
101.24954629277426,38.63031545706675,0.00814944273118191,0.1,20
100.5788033728779,9.372096048703416,0.011206533874518336,0.1,20
100.1281534514213,151.15602746647141,0.019382627269731997,0.1,20
99.45122000272221,-60.13490625838379,0.01882937962592033,0.1,20
100.5369553811361,-63.50493211530135,0.006706289708624398,0.1,20
98.84242056788462,0.4110173304863025,0.02273283079772072,0.1,20
101.30185816139229,33.72530987985856,0.005583422064262895,0.1,20
99.806488278217,-9.172231512375568,0.023703992606785428,0.1,20
101.17237389209066,12.503923625356727,0.017468722293086898,0.1,20
102.0299151709139,58.99564759517574,0.014179308951352184,0.1,20
99.66938179586876,-93.68825123564021,0.02720538683567896,0.1,20
99.40662927771685,-119.2873281804259,0.026933499644065845,0.1,20
100.80975265809224,16.23610525083837,0.02022444901872661,0.1,20
99.63972310273235,34.67854497491272,0.010897598504333328,0.1,20
98.40154626797369,-126.82708803999805,0.016373474839477275,0.1,20
100.62003061824939,3.650973178562893,0.00574959620071222,0.1,20
100.8571016294618,-20.419222154088995,0.0058889476741641215,0.1,20
100.61874881793538,64.37468981535702,0.02424880157013361,0.1,20
